Title,Page,Year,Size,Author,Tags,Download Link
The Gifts of Imperfection: Embrace Who You Are,98 Pages,2015,1.1 MB,Brene Brown,"brene brown,as you think",https://www.pdfdrive.com/the-gifts-of-imperfection-embrace-who-you-are-d60365102.html
Teaching English as a Foreign Language,401 Pages,2012,9.23 MB,,"language teaching,english language,english language teaching",https://www.pdfdrive.com/teaching-english-as-a-foreign-language-d4432288.html
Data Analysis with Microsoft Excel,613 Pages,2010,10.55 MB,Kenneth N. Berk,data analysis,https://www.pdfdrive.com/data-analysis-with-microsoft-excel-d25241812.html
Astrophysics For People In A Hurry by Neil deGrasse Tyson,109 Pages,2017,3.14 MB,,,https://www.pdfdrive.com/astrophysics-for-people-in-a-hurry-by-neil-degrasse-tyson-d61378054.html
Think and Grow Rich by Napoleon Hill,253 Pages,2010,1.43 MB,,"think and grow rich,napoleon hill,as you think",https://www.pdfdrive.com/think-and-grow-rich-by-napoleon-hill-d15702473.html
How to Write a Business Plan,290 Pages,2010,3.02 MB,,"business plan,business planning,business writing",https://www.pdfdrive.com/how-to-write-a-business-plan-d18824346.html
"Power Up Your Mind: Learn faster, work smarter",273 Pages,1999,3.18 MB,,,https://www.pdfdrive.com/power-up-your-mind-learn-faster-work-smarter-d19459023.html
Mindset: The New Psychology of Success,147 Pages,2010,1.06 MB,,,https://www.pdfdrive.com/mindset-the-new-psychology-of-success-d60365105.html
Mastering Photoshop for Web Design,216 Pages,2011,13.46 MB,,Photoshop,https://www.pdfdrive.com/mastering-photoshop-for-web-design-d8109058.html
The Sixth Extinction An Unnatural History by Elizabeth Kolbert,323 Pages,2017,3.4 MB,,,https://www.pdfdrive.com/the-sixth-extinction-an-unnatural-history-by-elizabeth-kolbert-d60737078.html
Shepherding a Child's Heart by Tedd Trip,243 Pages,2017,1.16 MB,,,https://www.pdfdrive.com/shepherding-a-childs-heart-by-tedd-trip-d60737127.html
Start Where You Are: A Guide to Compassionate Living,242 Pages,2007,1022 KB,,,https://www.pdfdrive.com/start-where-you-are-a-guide-to-compassionate-living-d60375000.html
The Power of Now: A Guide to Spiritual Enlightenment,124 Pages,2006,7.51 MB,,,https://www.pdfdrive.com/the-power-of-now-a-guide-to-spiritual-enlightenment-d60365106.html
"The 5 Second Rule: Transform your Life, Work, and Confidence with Everyday Courage",252 Pages,2017,11.94 MB,,"5 second rule,5 seconds rule,5 second",https://www.pdfdrive.com/the-5-second-rule-transform-your-life-work-and-confidence-with-everyday-courage-d60374999.html
Blink: The Power of Thinking Without Thinking,374 Pages,2017,1.1 MB,,,https://www.pdfdrive.com/blink-the-power-of-thinking-without-thinking-d61378071.html
You Are a Badass: How to Stop Doubting Your Greatness and Start Living an Awesome Life,689 Pages,2015,1.32 MB,Jen Sincero,"greatness,badass",https://www.pdfdrive.com/you-are-a-badass-how-to-stop-doubting-your-greatness-and-start-living-an-awesome-life-d60365112.html
The Book of Joy: Lasting Happiness in a Changing World by Dalai Lama,283 Pages,2017,5.37 MB,,dalai lama,https://www.pdfdrive.com/the-book-of-joy-lasting-happiness-in-a-changing-world-by-dalai-lama-d60375019.html
Never Split the Difference: Negotiating As If Your Life Depended On It,375 Pages,2017,1.32 MB,Chris Voss,,https://www.pdfdrive.com/never-split-the-difference-negotiating-as-if-your-life-depended-on-it-d145171860.html
Concepts of Physics HC Verma Volume1,479 Pages,2012,13.07 MB,,,https://www.pdfdrive.com/concepts-of-physics-hc-verma-volume1-d43364757.html
The Miracle Morning: The Not-So-Obvious Secret Guaranteed to Transform Your Life,187 Pages,2017,1.15 MB,,,https://www.pdfdrive.com/the-miracle-morning-the-not-so-obvious-secret-guaranteed-to-transform-your-life-d61378069.html
The Whole-Brain Child: 12 Revolutionary Strategies to Nurture Your Child's Developing Mind,225 Pages,2017,3.34 MB,,,https://www.pdfdrive.com/the-whole-brain-child-12-revolutionary-strategies-to-nurture-your-childs-developing-mind-d60737121.html
100 Great Business Ideas,241 Pages,2009,1 MB,Jeremy Kourdi,"100,business idea,100 to 1",https://www.pdfdrive.com/100-great-business-ideas-d34385361.html
The Complete Yoga Poses,1132 Pages,2016,26.85 MB,Daniel Lacerda,"yoga poses,posing",https://www.pdfdrive.com/the-complete-yoga-poses-d33413615.html
Spoken English: Flourish Your Language,225 Pages,2010,5.11 MB,Robert Carmen,"spoken english,better english",https://www.pdfdrive.com/spoken-english-flourish-your-language-d1509842.html
"Genius Foods: Become Smarter, Happier, and More Productive While Protecting Your Brain for Life",561 Pages,2017,2.62 MB,Max Lugavere,,https://www.pdfdrive.com/genius-foods-become-smarter-happier-and-more-productive-while-protecting-your-brain-for-life-d145171531.html
One Indian Girl by Chetan Bhagat,232 Pages,2012,1.12 MB,,"chetan bhagat,chetan bhagat books,indian author",https://www.pdfdrive.com/one-indian-girl-by-chetan-bhagat-d33436080.html
"Boundaries: When to Say Yes, How to Say No to Take Control of Your Life",357 Pages,2001,1.9 MB,Henry Cloud,boundaries,https://www.pdfdrive.com/boundaries-when-to-say-yes-how-to-say-no-to-take-control-of-your-life-d60363043.html
CRITICAL THINKING: Consider the Verdict Sixth Edition,472 Pages,2012,4.08 MB,,,https://www.pdfdrive.com/critical-thinking-consider-the-verdict-sixth-edition-d20051184.html
Crucial Conversations: Tools for Talking When Stakes Are High,259 Pages,2011,1.99 MB,,"crucial conversations,crucial conversation",https://www.pdfdrive.com/crucial-conversations-tools-for-talking-when-stakes-are-high-d60363041.html
Three Mistakes of My Life by Chetan Bhagat,144 Pages,2008,1.72 MB,,"chetan bhagat,chetan bhagat books,chetan",https://www.pdfdrive.com/three-mistakes-of-my-life-by-chetan-bhagat-d24667028.html
Time Management Proven Techniques for Making Every Minute Count,275 Pages,2008,1.65 MB,,time management,https://www.pdfdrive.com/time-management-proven-techniques-for-making-every-minute-count-d19297453.html
Learning JavaScript,364 Pages,2016,5.52 MB,Ethan Brown,javascript,https://www.pdfdrive.com/learning-javascript-d19599585.html
The Seven Principles for Making Marriage Work,277 Pages,2009,1.39 MB,,,https://www.pdfdrive.com/the-seven-principles-for-making-marriage-work-d60374996.html
"The Coaching Habit: Say Less, Ask More & Change the Way You Lead Forever",159 Pages,2017,928 KB,,,https://www.pdfdrive.com/the-coaching-habit-say-less-ask-more-change-the-way-you-lead-forever-d61378073.html
Fundamentals of Physics Textbook,1450 Pages,2015,51.2 MB,David Halliday,"fundamentals of physics,fundamental of physics,halliday resnick",https://www.pdfdrive.com/fundamentals-of-physics-textbook-d33735280.html
The Monk Who Sold His Ferrari,208 Pages,2005,1.25 MB,,a monk who sold his ferrari,https://www.pdfdrive.com/the-monk-who-sold-his-ferrari-d17352896.html
Drawing Cartoons & Comics for Dummies,363 Pages,2009,8.17 MB,"Fairrington, Brian.","comics,cartoon,cartooning",https://www.pdfdrive.com/drawing-cartoons-comics-for-dummies-d10783856.html
Born a Crime: Stories from a South African Childhood,920 Pages,2016,3.61 MB,,,https://www.pdfdrive.com/born-a-crime-stories-from-a-south-african-childhood-d60737091.html
Give and Take: WHY HELPING OTHERS DRIVES OUR SUCCESS,260 Pages,2011,1.57 MB,,give and take,https://www.pdfdrive.com/give-and-take-why-helping-others-drives-our-success-d58864799.html
Atlas of Human Anatomy by Netter,425 Pages,2013,28.25 MB,,"human anatomy,netter atlas of human anatomy,atlas of human anatomy",https://www.pdfdrive.com/atlas-of-human-anatomy-by-netter-d33405693.html
I am Malala: The Story of the Girl Who Stood Up for Education,195 Pages,2012,3.04 MB,,"i am malala,islamic stories",https://www.pdfdrive.com/i-am-malala-the-story-of-the-girl-who-stood-up-for-education-d14796117.html
"The Daily Stoic: 366 Meditations on Wisdom, Perseverance, and the Art of Living",406 Pages,2017,2.6 MB,,,https://www.pdfdrive.com/the-daily-stoic-366-meditations-on-wisdom-perseverance-and-the-art-of-living-d61378067.html
Art of Drawing the Human Body,162 Pages,2007,23.74 MB,,"human figure drawing,art of drawing",https://www.pdfdrive.com/art-of-drawing-the-human-body-d19196654.html
Be Here Now: Open Your Mind to Spirituality,221 Pages,2006,39.25 MB,,be here now,https://www.pdfdrive.com/be-here-now-open-your-mind-to-spirituality-d33405475.html
Kingdom of Ash - Sarah J. Maas,2176 Pages,2017,4.03 MB,Sarah J. Maas,,https://www.pdfdrive.com/kingdom-of-ash-sarah-j-maas-d136109604.html
"1-2-3 Magic: 3-Step Discipline for Calm, Effective, and Happy Parenting",322 Pages,2017,6.23 MB,,,https://www.pdfdrive.com/1-2-3-magic-3-step-discipline-for-calm-effective-and-happy-parenting-d60737129.html
The Art of Work: A Proven Path to Discovering What You Were Meant to Do,262 Pages,2017,908 KB,Jeff Goins,,https://www.pdfdrive.com/the-art-of-work-a-proven-path-to-discovering-what-you-were-meant-to-do-d145171671.html
No-Drama Discipline: The Whole-Brain Way to Calm the Chaos and Nurture Your Child's Developing Mind,345 Pages,2017,13.27 MB,,,https://www.pdfdrive.com/no-drama-discipline-the-whole-brain-way-to-calm-the-chaos-and-nurture-your-childs-developing-mind-d60737124.html
Presentation Secrets Of Steve Jobs: How to Be Great in Front of Audience,257 Pages,2009,1.93 MB,,"steve jobs,jobs",https://www.pdfdrive.com/presentation-secrets-of-steve-jobs-how-to-be-great-in-front-of-audience-d14440175.html
The Rules of Work: A Definitive Code for Personal Success,273 Pages,2012,827 KB,Richard Templar,,https://www.pdfdrive.com/the-rules-of-work-a-definitive-code-for-personal-success-d18626200.html
How to Write a Better Thesis,173 Pages,2014,1.84 MB,,,https://www.pdfdrive.com/how-to-write-a-better-thesis-d25132067.html
Yes! 50 Scientifically Proven Ways to be Persuasive,271 Pages,2008,10.61 MB,,"cialdini,goldstein",https://www.pdfdrive.com/yes-50-scientifically-proven-ways-to-be-persuasive-d33407021.html
The Richest Man In Babylon,191 Pages,2009,920 KB,,babylon,https://www.pdfdrive.com/the-richest-man-in-babylon-d17589151.html
100 Ways to Motivate Others,191 Pages,2005,544 KB,,"100 ways to motivate others,100 ways to motivate,100 ways",https://www.pdfdrive.com/100-ways-to-motivate-others-d29824425.html
How To Stop Worrying And Start Living,183 Pages,2006,1.01 MB,Shahid Riaz,,https://www.pdfdrive.com/how-to-stop-worrying-and-start-living-d20577445.html
"The Conscious Parent: Transforming Ourselves, Empowering Our Children",334 Pages,2017,1.55 MB,,,https://www.pdfdrive.com/the-conscious-parent-transforming-ourselves-empowering-our-children-d60737120.html
"Eat, Pray, Love",352 Pages,2010,592 KB,,"love,eat pray love",https://www.pdfdrive.com/eat-pray-love-d15422313.html
The Obstacle Is the Way: The Timeless Art of Turning Trials into Triumph,220 Pages,2014,9.19 MB,,,https://www.pdfdrive.com/the-obstacle-is-the-way-the-timeless-art-of-turning-trials-into-triumph-d61378068.html
Your Brain on Food,196 Pages,2010,960 KB,Gary Wenk,,https://www.pdfdrive.com/your-brain-on-food-d3185979.html
Just Mercy: A story of Justice and Redemption,222 Pages,2016,6.1 MB,,,https://www.pdfdrive.com/just-mercy-a-story-of-justice-and-redemption-d60737094.html
The Immortals of Meluha,226 Pages,2012,1.29 MB,Amish Tripathi,"amish tripathi,amish,immortal",https://www.pdfdrive.com/the-immortals-of-meluha-d14979221.html
"The Rules of Life: A personal code for living a better, happier, more successful kind of life",240 Pages,2011,3.62 MB,,,https://www.pdfdrive.com/the-rules-of-life-a-personal-code-for-living-a-better-happier-more-successful-kind-of-life-d16818970.html
The Essential Rumi by Coleman Barks,318 Pages,2013,6.39 MB,,,https://www.pdfdrive.com/the-essential-rumi-by-coleman-barks-d60375005.html
Economics for Everyone : a Short Guide to the Economics,361 Pages,2008,2.03 MB,,"economics,economics books",https://www.pdfdrive.com/economics-for-everyone-a-short-guide-to-the-economics-d12114076.html
How to Change Your Mind: What the New Science of Psychedelics Teaches Us About Consciousness,456 Pages,2017,3.46 MB,,,https://www.pdfdrive.com/how-to-change-your-mind-what-the-new-science-of-psychedelics-teaches-us-about-consciousness-d60375013.html
Parenting With Love and Logic: Teaching Children Responsibility,305 Pages,2017,1.81 MB,,,https://www.pdfdrive.com/parenting-with-love-and-logic-teaching-children-responsibility-d60737122.html
The Detox Miracle Sourcebook: Raw Foods and Herbs for Complete Cellular Regeneration,662 Pages,2014,5.26 MB,"Morse, Robert",,https://www.pdfdrive.com/the-detox-miracle-sourcebook-raw-foods-and-herbs-for-complete-cellular-regeneration-d17371324.html
"Braiding Sweetgrass: Indigenous Wisdom, Scientific Knowledge and the Teachings of Plants",473 Pages,2017,2.03 MB,,,https://www.pdfdrive.com/braiding-sweetgrass-indigenous-wisdom-scientific-knowledge-and-the-teachings-of-plants-d60737077.html
"Teaching to Learn, Learning to Teach",299 Pages,2010,1.11 MB,,,https://www.pdfdrive.com/teaching-to-learn-learning-to-teach-d20440651.html
"The Nature Fix: Why Nature Makes us Happier, Healthier and More Creative",287 Pages,2017,7.03 MB,,,https://www.pdfdrive.com/the-nature-fix-why-nature-makes-us-happier-healthier-and-more-creative-d61378058.html
Beautiful Boy: A Father's Journey through His Son's Addiction,425 Pages,2017,1.13 MB,,,https://www.pdfdrive.com/beautiful-boy-a-fathers-journey-through-his-sons-addiction-d61378072.html
Getting Things Done: The Art of Stress-Free Productivity,278 Pages,2014,2.58 MB,David Allen,"allen,david allen,a a allen",https://www.pdfdrive.com/getting-things-done-the-art-of-stress-free-productivity-d20791058.html
Living in the Light: A guide to personal transformation,258 Pages,2001,2.74 MB,David Sargent,,https://www.pdfdrive.com/living-in-the-light-a-guide-to-personal-transformation-d10172273.html
Learning English as a Foreign Language for Dummies,370 Pages,2010,21.47 MB,,"english for dummies,learning english,english learning",https://www.pdfdrive.com/learning-english-as-a-foreign-language-for-dummies-d30692542.html
How to Write Better Essays,298 Pages,2007,884 KB,Bryan Greetham,"better,andrew heywood",https://www.pdfdrive.com/how-to-write-better-essays-d8355178.html
The ONE Thing: The Surprisingly Simple Truth Behind Extraordinary Results,243 Pages,2017,3.94 MB,,,https://www.pdfdrive.com/the-one-thing-the-surprisingly-simple-truth-behind-extraordinary-results-d61378074.html
Resisting Happiness: A True Story about Why We Sabotage Ourselves,32 Pages,2017,258 KB,,,https://www.pdfdrive.com/resisting-happiness-a-true-story-about-why-we-sabotage-ourselves-d39563520.html
100 Ways to Motivate Yourself: Change Your Life Forever,151 Pages,2009,1.37 MB,,"100 ways to motivate yourself,100 ways to motivate,100 ways",https://www.pdfdrive.com/100-ways-to-motivate-yourself-change-your-life-forever-d14428506.html
Destiny Disrupted: A History of the World Through Islamic Eyes,418 Pages,2011,11.11 MB,,,https://www.pdfdrive.com/destiny-disrupted-a-history-of-the-world-through-islamic-eyes-d60375009.html
Awakening the Third Eye,280 Pages,2008,1.46 MB,,"awakening,do the work",https://www.pdfdrive.com/awakening-the-third-eye-d3605671.html
Flow – Psychology of Optimal Experience,314 Pages,2013,1.29 MB,,flow,https://www.pdfdrive.com/flow-psychology-of-optimal-experience-d19521954.html
The Dialectical Behavior Therapy Skills Workbook for Anxiety,243 Pages,2016,4.87 MB,,,https://www.pdfdrive.com/the-dialectical-behavior-therapy-skills-workbook-for-anxiety-d61378066.html
Medical Medium Life-Changing Foods - Anthony William,799 Pages,2017,14.02 MB,Anthony William,,https://www.pdfdrive.com/medical-medium-life-changing-foods-anthony-william-d145171510.html
Exceedingly Growing Faith by Kenneth E. Hagin,114 Pages,2007,2.08 MB,Kenneth E. Hagin,"kenneth hagin,Kenneth hagin",https://www.pdfdrive.com/exceedingly-growing-faith-by-kenneth-e-hagin-d17483815.html
Inspiration to Live Your Magic: 75 Inspiring Biographies,167 Pages,2012,1.63 MB,Larry Anderson,"famous five,biographies",https://www.pdfdrive.com/inspiration-to-live-your-magic-75-inspiring-biographies-d11478221.html
Absolute Beginner's Guide to Digital Photography,381 Pages,2004,12.41 MB,"Ciaglia, Joseph.",Photoshop,https://www.pdfdrive.com/absolute-beginners-guide-to-digital-photography-d5757098.html
Do the Work by Steven Pressfield,57 Pages,2014,248 KB,,,https://www.pdfdrive.com/do-the-work-by-steven-pressfield-d67638089.html
Yoga Girl by Rachel Brathen,307 Pages,2017,17.74 MB,,,https://www.pdfdrive.com/yoga-girl-by-rachel-brathen-d60737084.html
Certified Ethical Hacker Version 8 Study Guide,507 Pages,2014,9.8 MB,,"certified ethical hacker,ceh",https://www.pdfdrive.com/certified-ethical-hacker-version-8-study-guide-d33585508.html
Keto Comfort Foods: Family Favorite Recipes Made Low-Carb and Healthy,964 Pages,2017,20.68 MB,Maria Emmerich,,https://www.pdfdrive.com/keto-comfort-foods-family-favorite-recipes-made-low-carb-and-healthy-d145171538.html
"Men are from Mars, Women are from Venus",198 Pages,2009,1.23 MB,,,https://www.pdfdrive.com/men-are-from-mars-women-are-from-venus-d19083717.html
"The Energy Bus: 10 Rules to Fuel Your Life, Work, and Team with Positive Energy",195 Pages,2007,682 KB,,,https://www.pdfdrive.com/the-energy-bus-10-rules-to-fuel-your-life-work-and-team-with-positive-energy-d60374997.html
It Starts with Food: Discover the Whole30 and Change Your Life in Unexpected Ways,906 Pages,2017,3.93 MB,,,https://www.pdfdrive.com/it-starts-with-food-discover-the-whole30-and-change-your-life-in-unexpected-ways-d145171552.html
Heaven is for Real : A Little Boy's Astounding Story of His Trip to Heaven and Back,150 Pages,2012,1.99 MB,,,https://www.pdfdrive.com/heaven-is-for-real-a-little-boys-astounding-story-of-his-trip-to-heaven-and-back-d60375016.html
The War of Art: Break Through the Blocks and Win Your Inner Creative Battles,181 Pages,2008,1.16 MB,,,https://www.pdfdrive.com/the-war-of-art-break-through-the-blocks-and-win-your-inner-creative-battles-d61378063.html
Hillbilly Elegy: A Memoir of a Family and Culture in Crisis,720 Pages,2016,1.49 MB,,,https://www.pdfdrive.com/hillbilly-elegy-a-memoir-of-a-family-and-culture-in-crisis-d60737093.html
Fun With A Pencil by Andrew Loomis - Alex Hays,122 Pages,2002,11.03 MB,,"alex,andrew loomis,fun",https://www.pdfdrive.com/fun-with-a-pencil-by-andrew-loomis-alex-hays-d8151153.html
On Food and Cooking: The Science and Lore of the Kitchen,3160 Pages,2017,7.38 MB,Harold Mcgee,,https://www.pdfdrive.com/on-food-and-cooking-the-science-and-lore-of-the-kitchen-d145171545.html
Do the Work: Overcome Resistance and Get Out of Your Own Way,57 Pages,2014,248 KB,,,https://www.pdfdrive.com/do-the-work-overcome-resistance-and-get-out-of-your-own-way-d62065438.html
Proof of Heaven: A Neurosurgeon's Journey into the Afterlife,179 Pages,2017,1.22 MB,,,https://www.pdfdrive.com/proof-of-heaven-a-neurosurgeons-journey-into-the-afterlife-d60375018.html
The Best Raw Food RECIPES: How To Eat Yourself Healthy,77 Pages,2011,1.13 MB,Esme Stevens,,https://www.pdfdrive.com/the-best-raw-food-recipes-how-to-eat-yourself-healthy-d3387129.html
The Autobiography of Malcolm X: As Told to Alex Haley,279 Pages,2008,1.63 MB,,,https://www.pdfdrive.com/the-autobiography-of-malcolm-x-as-told-to-alex-haley-d60375003.html
The Last Black Unicorn by Tiffany Haddish,312 Pages,2017,1.34 MB,Tiffany Haddish,,https://www.pdfdrive.com/the-last-black-unicorn-by-tiffany-haddish-d145171853.html
The Artist’s Way: A Spiritual Path to Higher Creativity,431 Pages,2017,1.52 MB,Julia Cameron,,https://www.pdfdrive.com/the-artists-way-a-spiritual-path-to-higher-creativity-d145171699.html
Marcus Aurelius: Meditations,307 Pages,2013,805 KB,Marcus Aurelius,,https://www.pdfdrive.com/marcus-aurelius-meditations-d17306131.html
The Glass Castle: A Memoir by Jeannette Walls,310 Pages,2017,1.11 MB,,,https://www.pdfdrive.com/the-glass-castle-a-memoir-by-jeannette-walls-d60737100.html
Killers of the Flower Moon: The Osage Murders and the Birth of the FBI,374 Pages,2017,4.31 MB,,,https://www.pdfdrive.com/killers-of-the-flower-moon-the-osage-murders-and-the-birth-of-the-fbi-d60737101.html
The Choice: Embrace the Possible,359 Pages,2017,1.99 MB,,,https://www.pdfdrive.com/the-choice-embrace-the-possible-d61378075.html
The Tiger: A True Story of Vengeance and Survival,382 Pages,2017,2.63 MB,,,https://www.pdfdrive.com/the-tiger-a-true-story-of-vengeance-and-survival-d60737081.html
Influence: The Psychology of Persuasion,278 Pages,2009,2.06 MB,,,https://www.pdfdrive.com/influence-the-psychology-of-persuasion-d60375002.html
The Green Beauty Guide,290 Pages,2013,1.99 MB,Julie Gabriel,"beauty,beauty tips",https://www.pdfdrive.com/the-green-beauty-guide-d19440647.html
The Food Lab: Better Home Cooking Through Science,2410 Pages,2017,52.43 MB,,,https://www.pdfdrive.com/the-food-lab-better-home-cooking-through-science-d145171559.html
Extreme Ownership: How U.S. Navy SEALs Lead and Win,329 Pages,2017,2.46 MB,,,https://www.pdfdrive.com/extreme-ownership-how-us-navy-seals-lead-and-win-d60737097.html
Guitar Scales Easy Music Lessons,19 Pages,2007,1.56 MB,,"guitar scales,guitar lessons",https://www.pdfdrive.com/guitar-scales-easy-music-lessons-d14525.html
Silent Spring by Rachel Carson,155 Pages,2009,968 KB,,,https://www.pdfdrive.com/silent-spring-by-rachel-carson-d60737074.html
"Light on Life: The Yoga Journey to Wholeness, Inner Peace, and Ultimate Freedom",298 Pages,2011,3.51 MB,,,https://www.pdfdrive.com/light-on-life-the-yoga-journey-to-wholeness-inner-peace-and-ultimate-freedom-d60737086.html
A Thousand Splendid Suns,253 Pages,2008,1.38 MB,,a thousand splendid suns,https://www.pdfdrive.com/a-thousand-splendid-suns-d24428471.html
Reclaim Your Heart by Yasmin Mogahed,124 Pages,2012,1.64 MB,,,https://www.pdfdrive.com/reclaim-your-heart-by-yasmin-mogahed-d60375007.html
Let Your Life Speak: Listening for the Voice of Vocation,140 Pages,2017,2.12 MB,Parker J. Palmer,,https://www.pdfdrive.com/let-your-life-speak-listening-for-the-voice-of-vocation-d145171678.html
One Two Three... Infinty. Facts & Speculations in Science,361 Pages,2009,14.33 MB,,,https://www.pdfdrive.com/one-two-three-infinty-facts-speculations-in-science-d60737079.html
"Present Over Perfect: Leaving Behind Frantic for a Simpler, More Soulful Way of Living",243 Pages,2017,1.49 MB,Shauna Niequist,,https://www.pdfdrive.com/present-over-perfect-leaving-behind-frantic-for-a-simpler-more-soulful-way-of-living-d145171874.html
"Everybody, Always: Becoming Love in a World Full of Setbacks and Difficult People",185 Pages,2017,2.93 MB,,,https://www.pdfdrive.com/everybody-always-becoming-love-in-a-world-full-of-setbacks-and-difficult-people-d60375011.html
"Being Mortal: Illness, Medicine and What Matters in the End",333 Pages,2012,1.17 MB,,being mortal,https://www.pdfdrive.com/being-mortal-illness-medicine-and-what-matters-in-the-end-d60374995.html
The Heart of Hearts of Rumi's Mathnawi,494 Pages,2015,3.21 MB,Wazir Dayers,,https://www.pdfdrive.com/the-heart-of-hearts-of-rumis-mathnawi-d16361023.html
Food: What the Heck Should I Eat?,614 Pages,2017,2.39 MB,Mark Hyman,,https://www.pdfdrive.com/food-what-the-heck-should-i-eat-d145171517.html
"Things That Matter: Three Decades of Passions, Pastimes and Politics",431 Pages,2017,1.46 MB,,,https://www.pdfdrive.com/things-that-matter-three-decades-of-passions-pastimes-and-politics-d61378056.html
When the Moon Split: A biography of Prophet Muhammad ,320 Pages,2011,8.57 MB,,,https://www.pdfdrive.com/when-the-moon-split-a-biography-of-prophet-muhammad-d18717969.html
The Piano Book,446 Pages,2009,5.4 MB,Sandra Rodriguez,piano,https://www.pdfdrive.com/the-piano-book-d15031661.html
Teaching Organic Farming & Gardening,704 Pages,2015,5.08 MB,,"gardening,organic farming",https://www.pdfdrive.com/teaching-organic-farming-gardening-d17328434.html
Attached: The New Science of Adult Attachment and How It Can Help You Find and Keep Love ,268 Pages,2012,3.1 MB,,,https://www.pdfdrive.com/attached-the-new-science-of-adult-attachment-and-how-it-can-help-you-find-and-keep-love-d61378064.html
A COURSE IN MIRACLES: Foundation For Inner Peace,1338 Pages,2010,3.78 MB,,a course in miracles,https://www.pdfdrive.com/a-course-in-miracles-foundation-for-inner-peace-d1969642.html
"No god but God: The Origins, Evolution, and Future of Islam",337 Pages,2010,1.28 MB,,,https://www.pdfdrive.com/no-god-but-god-the-origins-evolution-and-future-of-islam-d139694234.html
The Yamas & Niyamas: Exploring Yoga's Ethical Practice,194 Pages,2009,5.14 MB,,,https://www.pdfdrive.com/the-yamas-niyamas-exploring-yogas-ethical-practice-d60737087.html
Smoothies for Optimum Health,202 Pages,2009,2.8 MB,,,https://www.pdfdrive.com/smoothies-for-optimum-health-d9099631.html
Building with Earth: Design and Technology of a Sustainable ,198 Pages,2007,21.02 MB,Gernot Minke Birkhauser,"building technology,building design",https://www.pdfdrive.com/building-with-earth-design-and-technology-of-a-sustainable-d6082438.html
On Becoming Baby Wise: Giving Your Infant the Gift of Nighttime Sleep,238 Pages,2017,1.32 MB,,,https://www.pdfdrive.com/on-becoming-baby-wise-giving-your-infant-the-gift-of-nighttime-sleep-d60737119.html
Time Management - American Management Association,138 Pages,2016,4.2 MB,Brian Tracy,time management,https://www.pdfdrive.com/time-management-american-management-association-d13737329.html
Joel Fuhrman - Eat To Live,299 Pages,2009,2.48 MB,,eat to live,https://www.pdfdrive.com/joel-fuhrman-eat-to-live-d5794082.html
Timeless Secrets of Health and Rejuvenation,485 Pages,2006,6.76 MB,Andreas Moritz,,https://www.pdfdrive.com/timeless-secrets-of-health-and-rejuvenation-d145171496.html
Healing After Loss: Daily Meditations For Working Through Grief,380 Pages,2009,754 KB,,,https://www.pdfdrive.com/healing-after-loss-daily-meditations-for-working-through-grief-d61378065.html
The Immortal Life of Henrietta Lacks,283 Pages,2010,501 KB,,,https://www.pdfdrive.com/the-immortal-life-of-henrietta-lacks-d61378053.html
Mechanical Engineering Principles,313 Pages,2012,4.22 MB,,mechanical engineering,https://www.pdfdrive.com/mechanical-engineering-principles-d32338671.html
Interior Design & Interior Architecture,24 Pages,2007,3.59 MB,,"interior design,autocad electrical",https://www.pdfdrive.com/interior-design-interior-architecture-d5768161.html
Data Structures with Java,351 Pages,2007,7.23 MB,,"data structures,data structure",https://www.pdfdrive.com/data-structures-with-java-d19408917.html
The Power of Now: A Guide to Spiritual Enlightenment,220 Pages,2004,1023 KB,Eckhart Tolle,pdfdrive,https://www.pdfdrive.com/the-power-of-now-a-guide-to-spiritual-enlightenment-d162371455.html
Methods of Geometry,507 Pages,2011,7.95 MB,"Smith, James T.",geometry,https://www.pdfdrive.com/methods-of-geometry-d16325669.html
Oh Crap! Potty Training: Everything Modern Parents Need to Know,293 Pages,2017,1.75 MB,,,https://www.pdfdrive.com/oh-crap-potty-training-everything-modern-parents-need-to-know-d60737128.html
"Animal, Vegetable, Miracle: A Year of Food Life",383 Pages,2010,2.28 MB,,,https://www.pdfdrive.com/animal-vegetable-miracle-a-year-of-food-life-d60737072.html
"Language, Culture, and Society",449 Pages,2011,2.83 MB,,"an introduction to language,cultural anthropology",https://www.pdfdrive.com/language-culture-and-society-d19567001.html
Chinese Medicine,1741 Pages,2006,6.24 MB,,"medicine,chinese,chinese medicine",https://www.pdfdrive.com/chinese-medicine-d19534202.html
LEARN SPANISH in the Spanish World,72 Pages,2016,6.45 MB,,learn spanish,https://www.pdfdrive.com/learn-spanish-in-the-spanish-world-d1050487.html
I Don't Have Enough Faith to Be an Atheist,449 Pages,2005,1.29 MB,,,https://www.pdfdrive.com/i-dont-have-enough-faith-to-be-an-atheist-d110438840.html
Creative Black and White - Digital Photography Tips and Techniques,243 Pages,2010,11.13 MB,Harold Davis,,https://www.pdfdrive.com/creative-black-and-white-digital-photography-tips-and-techniques-d39581233.html
Emergency Medicine,557 Pages,2011,2.58 MB,,"medicine,critical care medicine,hachette",https://www.pdfdrive.com/emergency-medicine-d6032337.html
Boundaries in Dating: How Healthy Choices Grow,292 Pages,2007,1.55 MB,Henry Cloud,boundaries,https://www.pdfdrive.com/boundaries-in-dating-how-healthy-choices-grow-d33475542.html
4000 Essential English Words,191 Pages,2013,7.86 MB,,"4000 essential english words,4000",https://www.pdfdrive.com/4000-essential-english-words-d38357727.html
Secrets of the Best Chefs,933 Pages,2014,14.89 MB,Adam Roberts,"best,best books,best book",https://www.pdfdrive.com/secrets-of-the-best-chefs-d20385050.html
Reading Lolita in Tehran: A Memoir in Books,225 Pages,2010,724 KB,,,https://www.pdfdrive.com/reading-lolita-in-tehran-a-memoir-in-books-d60375004.html
National Geographic Masters of Photography - SnagFilms,190 Pages,2014,7.83 MB,,,https://www.pdfdrive.com/national-geographic-masters-of-photography-snagfilms-d17368460.html
One Hundred Years of Solitude,2198 Pages,2015,3.17 MB,,,https://www.pdfdrive.com/one-hundred-years-of-solitude-d27744656.html
"Thermodynamics, Statistical Physics, and Quantum Mechanics",374 Pages,2004,5.71 MB,,quantum physics,https://www.pdfdrive.com/thermodynamics-statistical-physics-and-quantum-mechanics-d12341912.html
"Engineering, Sciences and Mathematics",359 Pages,2012,10.55 MB,,"engineering mathematics,college mathematics,mathematic for engineering",https://www.pdfdrive.com/engineering-sciences-and-mathematics-d11671241.html
Landscape Photography,50 Pages,2012,2.8 MB,Rob Sheppard,,https://www.pdfdrive.com/landscape-photography-d19537201.html
Introduction to Watercolor,38 Pages,2011,6.09 MB,,watercolor,https://www.pdfdrive.com/introduction-to-watercolor-d33408161.html
Econometrics,450 Pages,2014,2.56 MB,,econometrics,https://www.pdfdrive.com/econometrics-d39563455.html
Autobiography of a Yogi,363 Pages,2006,1.33 MB,,"autobiography of a yogi,autobiography,autobiography of yogi",https://www.pdfdrive.com/autobiography-of-a-yogi-d4927467.html
Decorative Knots,253 Pages,2012,17.61 MB,,,https://www.pdfdrive.com/decorative-knots-d27962903.html
Basic Woodworking,76 Pages,2013,1.58 MB,Valley Oaks,woodworking,https://www.pdfdrive.com/basic-woodworking-d3066688.html
Oil Painting For Dummies,321 Pages,2008,14.43 MB,,oil,https://www.pdfdrive.com/oil-painting-for-dummies-d33409587.html
Children's Mathematics,281 Pages,2006,4.14 MB,,childrens books,https://www.pdfdrive.com/childrens-mathematics-d9634785.html
The Language of Argument,530 Pages,2013,13.16 MB,,"language,an introduction to language,argument",https://www.pdfdrive.com/the-language-of-argument-d33462151.html
Flow and the Foundations of Positive Psychology,313 Pages,2014,4.19 MB,,flow,https://www.pdfdrive.com/flow-and-the-foundations-of-positive-psychology-d25720316.html
The China Study - TRAINING IN PARADISE,425 Pages,2008,5.8 MB,,paradise,https://www.pdfdrive.com/the-china-study-training-in-paradise-d12180562.html
Codependent No More: How to Stop Controlling Others and Start Caring for Yourself,132 Pages,2011,522 KB,,,https://www.pdfdrive.com/codependent-no-more-how-to-stop-controlling-others-and-start-caring-for-yourself-d60737118.html
The Sealed Nectar: Biograpy of the Noble Prophet,504 Pages,2013,6.75 MB,,,https://www.pdfdrive.com/the-sealed-nectar-biograpy-of-the-noble-prophet-d44034347.html
Six Pencil Techniques,52 Pages,2013,7.17 MB,,pencil drawing,https://www.pdfdrive.com/six-pencil-techniques-d18821108.html
Understanding Basic Music Theory,277 Pages,2007,6.19 MB,,music theory,https://www.pdfdrive.com/understanding-basic-music-theory-d16502765.html
Advanced High-School Mathematics,435 Pages,2011,3.03 MB,,"advanced mathematics,advance mathematics",https://www.pdfdrive.com/advanced-high-school-mathematics-d9133569.html
Architecture: Design Notebook,119 Pages,2003,5.02 MB,"Fawcett, A. Peter.",architecture design,https://www.pdfdrive.com/architecture-design-notebook-d175779.html
"""Surely You're Joking, Mr. Feynman!"": Adventures of a Curious Character",208 Pages,2010,2.93 MB,,,https://www.pdfdrive.com/surely-youre-joking-mr-feynman-adventures-of-a-curious-character-d60737092.html
Encyclopedia of Medieval World,881 Pages,2004,29.39 MB,,ottoman empire,https://www.pdfdrive.com/encyclopedia-of-medieval-world-d26982475.html
Kitchen Confidential: Adventures in the Culinary Underbelly,284 Pages,2017,1.14 MB,,,https://www.pdfdrive.com/kitchen-confidential-adventures-in-the-culinary-underbelly-d60737098.html
Black & White Photography,102 Pages,2015,16.53 MB,,,https://www.pdfdrive.com/black-white-photography-d30182844.html
The Nikon Guide to Landscape Photography,162 Pages,2014,18.83 MB,,nikon,https://www.pdfdrive.com/the-nikon-guide-to-landscape-photography-d33416822.html
The Mismeasure of Man by Stephen Jay Gould,417 Pages,2008,7.56 MB,,,https://www.pdfdrive.com/the-mismeasure-of-man-by-stephen-jay-gould-d60737080.html
The Purpose-Driven Life: What on Earth Am I Here For?,340 Pages,2003,3.65 MB,Rick Warren,pdfdrive,https://www.pdfdrive.com/the-purpose-driven-life-what-on-earth-am-i-here-for-d185720921.html
Traditional Medicine by Steven B Kayne,347 Pages,2009,4.81 MB,,traditional medicine,https://www.pdfdrive.com/traditional-medicine-by-steven-b-kayne-d20363481.html
The China Study by Thomas Campbell,425 Pages,2008,5.79 MB,,"study,china",https://www.pdfdrive.com/the-china-study-by-thomas-campbell-d42693016.html
The Cambridge History of Nineteenth-Century Music,784 Pages,2006,5.79 MB,,cambridge history,https://www.pdfdrive.com/the-cambridge-history-of-nineteenth-century-music-d34435347.html
Street Photography for the Purist,160 Pages,2006,10.29 MB,,,https://www.pdfdrive.com/street-photography-for-the-purist-d24717737.html
A Walk in the Woods: Rediscovering America on the Appalachian Trail,153 Pages,2004,889 KB,,,https://www.pdfdrive.com/a-walk-in-the-woods-rediscovering-america-on-the-appalachian-trail-d60737075.html
The Raw Truth,282 Pages,2012,2.75 MB,Jeremy A. Safron,,https://www.pdfdrive.com/the-raw-truth-d18922651.html
Spanish: An Essential Grammar,343 Pages,2004,2.49 MB,,"practical english grammar,essential english grammar,spanish grammar",https://www.pdfdrive.com/spanish-an-essential-grammar-d30669222.html
"Wood Handbook, Wood as an Engineering Material",509 Pages,2010,15.07 MB,,engineering material,https://www.pdfdrive.com/wood-handbook-wood-as-an-engineering-material-d6569840.html
Sociology For Dummies,387 Pages,2010,3.72 MB,Jay Gabler,sociology,https://www.pdfdrive.com/sociology-for-dummies-d34334491.html
Swing Trading For Dummies: Omar Bassal,363 Pages,2008,4.67 MB,"Bassal, Omar.",,https://www.pdfdrive.com/swing-trading-for-dummies-omar-bassal-d62502791.html
Woodshop 101 For Kids - Woodworkers Resource,193 Pages,2006,4.61 MB,,,https://www.pdfdrive.com/woodshop-101-for-kids-woodworkers-resource-d18628548.html
Hidden Nature,257 Pages,2006,10.3 MB,,"sacred geometry,hidden",https://www.pdfdrive.com/hidden-nature-d10817687.html
240 Vocabular y Words Kids Need to Know 4,80 Pages,2006,745 KB,,"240 vocabulary words,240 vocabulary words kids need to know",https://www.pdfdrive.com/240-vocabular-y-words-kids-need-to-know-4-d1684932.html
The Engineer,410 Pages,2014,1.45 MB,Erik Nordeus,elon musk,https://www.pdfdrive.com/the-engineer-d33407066.html
An Introduction to Social Psychology,324 Pages,2001,852 KB,,"introduction to psychology,social psychology",https://www.pdfdrive.com/an-introduction-to-social-psychology-d1262418.html
Sustainable diets and biodiversity - Food and Agriculture ,309 Pages,2012,3.53 MB,"Burlingame, Barbara","biodiversity,diets",https://www.pdfdrive.com/sustainable-diets-and-biodiversity-food-and-agriculture-d12251221.html
"Fine Art, Furniture, Decorative Arts and Jewelry Auction",148 Pages,2013,7.95 MB,,"jewelry,fine arts",https://www.pdfdrive.com/fine-art-furniture-decorative-arts-and-jewelry-auction-d434860.html
Life Skills Education Toolkit for Orphans & Vulnerable Children,415 Pages,2007,4.63 MB,,life skills,https://www.pdfdrive.com/life-skills-education-toolkit-for-orphans-vulnerable-children-d18903296.html
Child Poverty and Inequality,299 Pages,2012,3.31 MB,Isabel Ortiz,,https://www.pdfdrive.com/child-poverty-and-inequality-d29018299.html
"Foundations of Language: Brain, Meaning, Grammar, Evolution",498 Pages,2009,3.78 MB,Ray Jackendoff,,https://www.pdfdrive.com/foundations-of-language-brain-meaning-grammar-evolution-d12361911.html
"Furniture, Decorative Arts, Jewelry & Timepieces Auction",92 Pages,2012,5.15 MB,,jewelry,https://www.pdfdrive.com/furniture-decorative-arts-jewelry-timepieces-auction-d367400.html
comprehensive wildlife conservation strategy,428 Pages,2012,11.77 MB,,,https://www.pdfdrive.com/comprehensive-wildlife-conservation-strategy-d38430632.html
Ethics in Higher Education: Values-driven Leaders for the Future,370 Pages,2017,2.76 MB,,,https://www.pdfdrive.com/ethics-in-higher-education-values-driven-leaders-for-the-future-d39974444.html
Rebuilding West Africa's Food Potential - Food and Agriculture ,593 Pages,2013,7.01 MB,,food,https://www.pdfdrive.com/rebuilding-west-africas-food-potential-food-and-agriculture-d11126036.html
